<?xml version="1.0" encoding="UTF-8"?>

<channel name="xfce4-desktop" version="1.0">
  <property name="backdrop" type="empty">
    <property name="screen0" type="empty">
      <property name="monitorVNC-0" type="empty">
        <property name="workspace0" type="empty">
          <property name="color-style" type="int" value="0"/>
          <property name="image-style" type="int" value="3"/>
          <property name="last-image" type="string" value="/home/lib/ubuntu1604/vdi/wallpapers/default"/>
        </property>
        <property name="workspace1" type="empty">
          <property name="color-style" type="int" value="0"/>
          <property name="image-style" type="int" value="5"/>
          <property name="last-image" type="string" value="/usr/share/backgrounds/xfce/xfce-teal.jpg"/>
        </property>
        <property name="workspace2" type="empty">
          <property name="color-style" type="int" value="0"/>
          <property name="image-style" type="int" value="5"/>
          <property name="last-image" type="string" value="/usr/share/backgrounds/xfce/xfce-teal.jpg"/>
        </property>
        <property name="workspace3" type="empty">
          <property name="color-style" type="int" value="0"/>
          <property name="image-style" type="int" value="5"/>
          <property name="last-image" type="string" value="/usr/share/backgrounds/xfce/xfce-teal.jpg"/>
        </property>
      </property>
    </property>
  </property>
  <property name="desktop-menu" type="empty">
    <property name="show-icons" type="bool" value="true"/>
  </property>
  <property name="desktop-icons" type="empty">
    <property name="file-icons" type="empty">
      <property name="show-filesystem" type="bool" value="false"/>
      <property name="show-trash" type="bool" value="true"/>
    </property>
  </property>
  <property name="last" type="empty">
    <property name="window-width" type="int" value="649"/>
    <property name="window-height" type="int" value="517"/>
  </property>
</channel>
